username,first_name,last_name,email,password
bpetty0,Benito,Petty,bpetty0@joomla.org,GQdic2
dmerton1,Diarmid,Merton,dmerton1@theglobeandmail.com,60NpLTpj9h
ccowing2,Christiano,Cowing,ccowing2@walmart.com,lkGW3WoOTUVy
ffuente3,Ferdie,Fuente,ffuente3@zdnet.com,vL0Ty3
dharford4,Dore,Harford,dharford4@harvard.edu,Cred3V
gwildes5,Gunner,Wildes,gwildes5@bigcartel.com,oa7Q2SpQRd1
aguerrin6,Annabel,Guerrin,aguerrin6@netscape.com,bDlf2mVB
jspurrett7,Jephthah,Spurrett,jspurrett7@over-blog.com,DT8M474B3
lfouracres8,Letta,Fouracres,lfouracres8@un.org,tiNf2G1
ccocklie9,Cathyleen,Cocklie,ccocklie9@mapquest.com,rqEYMhe5o9gj
